DIAS,VIEWS,INSCRITOS,CANAL,,
1,5200,66,inventonahora,,
2,4600,89,inventonahora,,
3,5200,103,inventonahora,,
4,4400,87,inventonahora,,
5,5100,102,inventonahora,,
6,6200,93,inventonahora,,
7,4800,61,inventonahora,,
8,4500,74,inventonahora,,
9,3700,53,inventonahora,,
10,3700,70,inventonahora,,
11,6000,93,inventonahora,,
12,5700,128,inventonahora,,
13,4800,81,inventonahora,,
14,3800,61,inventonahora,,
15,3900,57,inventonahora,,
16,9300,225,inventonahora,,
17,7600,267,inventonahora,,
18,6000,115,inventonahora,,
19,5800,101,inventonahora,,
20,5500,104,inventonahora,,
21,5400,95,inventonahora,,
22,5600,88,inventonahora,,
23,5500,72,inventonahora,,
24,6600,121,inventonahora,,
25,8000,161,inventonahora,,
26,6400,96,inventonahora,,
27,6500,118,inventonahora,,
28,5200,93,inventonahora,,
29,5200,122,inventonahora,,
30,5500,113,inventonahora,,
31,5000,92,inventonahora,,
32,5700,89,inventonahora,,
33,5900,91,inventonahora,,
34,5200,84,inventonahora,,
35,4570,86,inventonahora,,
36,7400,73,inventonahora,,
37,6900,130,inventonahora,,
38,5900,156,inventonahora,,
39,5600,102,inventonahora,,
40,6400,101,inventonahora,,
41,9000,101,inventonahora,,
42,6100,107,inventonahora,,
43,5700,80,inventonahora,,
44,6000,97,inventonahora,,
45,6300,82,inventonahora,,
46,7900,33,inventonahora,,
47,10000,135,inventonahora,,
48,7000,169,inventonahora,,
49,8000,117,inventonahora,,
50,7700,123,inventonahora,,
51,7000,110,inventonahora,,
52,6500,104,inventonahora,,
53,21500,103,inventonahora,,
54,31300,276,inventonahora,,
55,10800,428,inventonahora,,
56,11000,230,inventonahora,,
57,9700,260,inventonahora,,
58,9800,145,inventonahora,,
59,11900,124,inventonahora,,
60,22100,367,inventonahora,,
61,27700,420,inventonahora,,
62,30800,343,inventonahora,,
63,37800,307,inventonahora,,
64,49200,399,inventonahora,,
65,44300,377,inventonahora,,
66,45500,403,inventonahora,,
67,46500,406,inventonahora,,
68,27700,281,inventonahora,,
69,19500,249,inventonahora,,
70,20100,361,inventonahora,,
71,18900,292,inventonahora,,
72,14800,269,inventonahora,,
73,14200,233,inventonahora,,
74,15000,254,inventonahora,,
75,15900,220,inventonahora,,
76,16000,209,inventonahora,,
77,20100,264,inventonahora,,
78,21400,285,inventonahora,,
79,17600,268,inventonahora,,
80,18300,283,inventonahora,,
81,18300,279,inventonahora,,
82,17500,293,inventonahora,,
83,16100,320,inventonahora,,
84,13800,314,inventonahora,,
85,12800,287,inventonahora,,
86,12000,240,inventonahora,,
87,11400,212,inventonahora,,
88,14500,204,inventonahora,,
89,14300,177,inventonahora,,
90,10000,169,inventonahora,,
91,11300,183,inventonahora,,
92,12800,212,inventonahora,,
93,11900,212,inventonahora,,
94,10200,144,inventonahora,,
95,10800,176,inventonahora,,
96,9800,194,inventonahora,,
97,9200,170,inventonahora,,
98,11000,149,inventonahora,,
99,10000,148,inventonahora,,
100,17300,258,inventonahora,,
101,15800,355,inventonahora,,
102,14100,251,inventonahora,,
103,13700,255,inventonahora,,
104,17800,620,inventonahora,,
105,12800,242,inventonahora,,
106,14500,323,inventonahora,,
107,13700,200,inventonahora,,
108,12900,194,inventonahora,,
109,12500,206,inventonahora,,
110,10900,119,inventonahora,,
111,10200,175,inventonahora,,
112,10700,138,inventonahora,,
113,9500,108,inventonahora,,
114,9000,154,inventonahora,,
115,13900,183,inventonahora,,
116,12500,217,inventonahora,,
117,10800,167,inventonahora,,
118,8700,138,inventonahora,,
119,8700,156,inventonahora,,
120,8800,116,inventonahora,,
121,9300,177,inventonahora,,
122,16100,261,inventonahora,,
123,20600,349,inventonahora,,
124,12900,254,inventonahora,,
125,11200,216,inventonahora,,
126,21600,330,inventonahora,,
127,15700,291,inventonahora,,
128,13600,205,inventonahora,,
129,17600,205,inventonahora,,
130,26800,213,inventonahora,,
131,21300,176,inventonahora,,
132,11200,139,inventonahora,,
133,12100,119,inventonahora,,
134,11000,110,inventonahora,,
135,10700,122,inventonahora,,
136,13100,118,inventonahora,,
137,30000,488,inventonahora,,
138,27000,371,inventonahora,,
139,23800,338,inventonahora,,
140,22600,260,inventonahora,,
141,20700,216,inventonahora,,
142,19700,250,inventonahora,,
143,16900,259,inventonahora,,
144,18500,253,inventonahora,,
145,17800,265,inventonahora,,
146,18200,312,inventonahora,,
147,20000,314,inventonahora,,
148,21180,291,inventonahora,,
149,21190,314,inventonahora,,
150,23800,348,inventonahora,,
151,35700,596,inventonahora,,
152,26500,445,inventonahora,,
153,26200,405,inventonahora,,
154,28000,439,inventonahora,,
155,24800,366,inventonahora,,
156,20700,335,inventonahora,,
157,21600,329,inventonahora,,
158,24700,364,inventonahora,,
159,20300,275,inventonahora,,
160,19800,271,inventonahora,,
161,23000,323,inventonahora,,
162,22800,347,inventonahora,,
163,22800,340,inventonahora,,
164,24300,376,inventonahora,,
165,27000,404,inventonahora,,
166,19200,292,inventonahora,,
167,15200,280,inventonahora,,
168,19100,331,inventonahora,,
169,17800,326,inventonahora,,
170,17600,281,inventonahora,,
171,17800,310,inventonahora,,
172,21300,444,inventonahora,,
173,20500,367,inventonahora,,
174,17400,272,inventonahora,,
175,17000,265,inventonahora,,
176,18100,285,inventonahora,,
177,18200,323,inventonahora,,
178,28400,513,inventonahora,,
179,29300,472,inventonahora,,
180,25700,416,inventonahora,,
181,19000,400,inventonahora,,
182,22000,433,inventonahora,,
183,25000,634,inventonahora,,
184,22000,608,inventonahora,,
185,21000,466,inventonahora,,
186,25000,466,inventonahora,,
187,28000,589,inventonahora,,
188,35000,887,inventonahora,,
189,65000,2652,inventonahora,,
190,58000,1654,inventonahora,,
191,56000,1732,inventonahora,,
192,48000,1204,inventonahora,,
193,45000,1165,inventonahora,,
194,49000,1046,inventonahora,,
195,36000,691,inventonahora,,
196,32000,666,inventonahora,,
197,32000,670,inventonahora,,
198,31000,730,inventonahora,,
199,30000,562,inventonahora,,
200,32000,693,inventonahora,,
201,31000,595,inventonahora,,
202,28000,605,inventonahora,,
203,27000,530,inventonahora,,
204,26000,512,inventonahora,,
205,28000,521,inventonahora,,
206,27000,501,inventonahora,,
207,30000,523,inventonahora,,
208,31000,548,inventonahora,,
209,38000,1172,inventonahora,,
210,46000,797,inventonahora,,
211,42000,923,inventonahora,,
212,36000,891,inventonahora,,
213,30000,663,inventonahora,,
214,33000,792,inventonahora,,
215,33000,777,inventonahora,,
216,30000,661,inventonahora,,
217,44000,1142,inventonahora,,
218,37000,1013,inventonahora,,
219,31000,816,inventonahora,,
220,31000,657,inventonahora,,
221,32000,832,inventonahora,,
222,33000,794,inventonahora,,
223,31000,646,inventonahora,,
224,29000,664,inventonahora,,
225,33000,669,inventonahora,,
226,30000,651,inventonahora,,
227,29000,507,inventonahora,,
228,30000,503,inventonahora,,
229,29000,505,inventonahora,,
230,34000,570,inventonahora,,
231,28000,501,inventonahora,,
232,26000,435,inventonahora,,
233,26000,446,inventonahora,,
234,27000,426,inventonahora,,
235,37000,542,inventonahora,,
236,42000,587,inventonahora,,
237,35000,960,inventonahora,,
238,33000,710,inventonahora,,
239,29000,547,inventonahora,,
240,29000,522,inventonahora,,
241,37000,502,inventonahora,,
242,39000,536,inventonahora,,
243,35000,506,inventonahora,,
244,32000,478,inventonahora,,
245,38000,580,inventonahora,,
246,31000,485,inventonahora,,
247,31000,484,inventonahora,,
248,31000,457,inventonahora,,
249,30000,447,inventonahora,,
250,44000,732,inventonahora,,
251,54000,1033,inventonahora,,
252,39000,1082,inventonahora,,
253,35000,863,inventonahora,,
254,42000,846,inventonahora,,
255,37000,652,inventonahora,,
256,38000,663,inventonahora,,
257,37000,575,inventonahora,,
258,33000,542,inventonahora,,
259,32000,520,inventonahora,,
260,30000,442,inventonahora,,
261,25000,473,inventonahora,,
262,60000,1627,inventonahora,,
263,134000,2462,inventonahora,,
264,56000,1839,inventonahora,,
265,45000,1027,inventonahora,,
266,40000,769,inventonahora,,
267,37000,777,inventonahora,,
268,40000,999,inventonahora,,
269,35000,764,inventonahora,,
270,34000,699,inventonahora,,
271,33000,626,inventonahora,,
272,28000,596,inventonahora,,
273,27000,523,inventonahora,,
274,27000,568,inventonahora,,
275,33000,604,inventonahora,,
276,56000,1119,inventonahora,,
277,42000,1135,inventonahora,,
278,47000,1137,inventonahora,,
279,37000,796,inventonahora,,
280,37000,755,inventonahora,,
281,35000,806,inventonahora,,
282,34000,668,inventonahora,,
283,29000,559,inventonahora,,
284,32000,606,inventonahora,,
285,30000,522,inventonahora,,
286,31000,498,inventonahora,,
287,48000,1239,inventonahora,,
288,54000,2232,inventonahora,,
289,37000,1333,inventonahora,,
290,35000,830,inventonahora,,
291,34000,753,inventonahora,,
292,35000,756,inventonahora,,
293,33000,624,inventonahora,,
294,31000,549,inventonahora,,
295,40000,600,inventonahora,,
296,44000,1170,inventonahora,,
297,42000,1307,inventonahora,,
298,40000,1205,inventonahora,,
299,40000,1291,inventonahora,,
300,38000,1082,inventonahora,,
301,46000,1055,inventonahora,,
302,38000,986,inventonahora,,
303,33000,931,inventonahora,,
304,33000,867,inventonahora,,
305,36000,1050,inventonahora,,
306,39000,701,inventonahora,,
307,32000,1396,inventonahora,,
308,60000,2145,inventonahora,,
309,66000,1539,inventonahora,,
310,53000,1154,inventonahora,,
311,46000,1026,inventonahora,,
312,44000,1254,inventonahora,,
313,54000,1246,inventonahora,,
314,47000,1013,inventonahora,,
315,41000,1246,inventonahora,,
316,44000,1716,inventonahora,,
317,47000,2142,inventonahora,,
318,69000,2107,inventonahora,,
319,63000,2136,inventonahora,,
320,60000,1715,inventonahora,,
321,52000,1608,inventonahora,,
322,49000,1875,inventonahora,,
323,57000,1443,inventonahora,,
324,59000,1381,inventonahora,,
325,44000,1540,inventonahora,,
326,53000,1306,inventonahora,,
327,52000,1171,inventonahora,,
328,48000,1177,inventonahora,,
329,42000,1146,inventonahora,,
330,47000,979,inventonahora,,
331,42000,1821,inventonahora,,
332,63000,1753,inventonahora,,
333,60000,1136,inventonahora,,
334,48000,1055,inventonahora,,
335,42000,2295,inventonahora,,
336,62000,3395,inventonahora,,
337,139000,2218,inventonahora,,
338,71000,2601,inventonahora,,
339,60000,1871,inventonahora,,
340,57000,3707,inventonahora,,
341,82000,2664,inventonahora,,
342,70000,2003,inventonahora,,
343,58000,3572,inventonahora,,
344,95000,3431,inventonahora,,
345,98000,2360,inventonahora,,
346,73000,1889,inventonahora,,
347,65000,1693,inventonahora,,
348,58000,1530,inventonahora,,
349,49000,4113,inventonahora,,
350,90000,5329,inventonahora,,
351,158000,3474,inventonahora,,
352,96000,4280,inventonahora,,
353,105000,5748,inventonahora,,
354,118000,5694,inventonahora,,
355,126000,4703,inventonahora,,
356,134000,4426,inventonahora,,
357,103000,4947,inventonahora,,
358,119000,5434,inventonahora,,
359,129000,4397,inventonahora,,
360,91000,3017,inventonahora,,
361,80000,4298,inventonahora,,
362,133000,4092,inventonahora,,
363,129000,3819,inventonahora,,
364,98000,3705,inventonahora,,
365,93000,3396,inventonahora,,
366,95000,3718,inventonahora,,
367,109000,3873,inventonahora,,
368,89000,2853,inventonahora,,
369,89000,3423,inventonahora,,
370,108000,3228,inventonahora,,
371,70000,2609,inventonahora,,
372,60000,2968,inventonahora,,
373,60000,3293,inventonahora,,
374,55000,2891,inventonahora,,
375,65000,3816,inventonahora,,
376,94000,3573,inventonahora,,
377,73000,2994,inventonahora,,
378,56000,2573,inventonahora,,
379,48000,4089,inventonahora,,
380,84000,7550,inventonahora,,
381,252000,4690,inventonahora,,
382,174000,4830,inventonahora,,
383,147000,3773,inventonahora,,
384,145000,2759,inventonahora,,
385,124000,3272,inventonahora,,
386,100000,3508,inventonahora,,
387,77000,2506,inventonahora,,
388,94000,2658,inventonahora,,
389,99000,2060,inventonahora,,
390,82000,2023,inventonahora,,
391,73000,1994,inventonahora,,
392,66000,2036,inventonahora,,
393,83000,2826,inventonahora,,
394,125000,2068,inventonahora,,
395,85000,1496,inventonahora,,
396,75000,1437,inventonahora,,
397,74000,1375,inventonahora,,
398,72000,1895,inventonahora,,
399,81000,2840,inventonahora,,
400,158000,1917,inventonahora,,
401,95000,1463,inventonahora,,
402,79000,1309,inventonahora,,
403,72000,1506,inventonahora,,
404,78000,1357,inventonahora,,
405,82000,1635,inventonahora,,
406,95000,2336,inventonahora,,
407,144000,1472,inventonahora,,
408,78000,1416,inventonahora,,
409,69000,3167,inventonahora,,
410,67000,2096,inventonahora,,
411,69000,1564,inventonahora,,
412,71000,2732,inventonahora,,
413,88000,3719,inventonahora,,
414,97000,2376,inventonahora,,
415,76000,2256,inventonahora,,
416,80000,1572,inventonahora,,
417,75000,1594,inventonahora,,
418,77000,1683,inventonahora,,
419,80000,2324,inventonahora,,
420,96000,4274,inventonahora,,
421,183000,2907,inventonahora,,
422,113000,2625,inventonahora,,
423,111000,2128,inventonahora,,
424,115000,2250,inventonahora,,
425,101000,2579,inventonahora,,
426,119000,3816,inventonahora,,
427,146000,3597,inventonahora,,
428,124000,3757,inventonahora,,
429,114000,2946,inventonahora,,
430,105000,3218,inventonahora,,
431,145000,3477,inventonahora,,
432,174000,2398,inventonahora,,
433,125000,1880,inventonahora,,
434,93000,2040,inventonahora,,
435,98000,4761,inventonahora,,
436,102000,3179,inventonahora,,
437,100000,3391,inventonahora,,
438,108000,4633,inventonahora,,
439,137000,6141,inventonahora,,
440,162000,4922,inventonahora,,
441,142000,3786,inventonahora,,
442,135000,3404,inventonahora,,
443,130000,4773,inventonahora,,
444,177000,4249,inventonahora,,
445,171000,3347,inventonahora,,
446,141000,2739,inventonahora,,
447,114000,2578,inventonahora,,
448,99000,2510,inventonahora,,
449,94000,3031,inventonahora,,
450,100000,4399,inventonahora,,
451,104000,3556,inventonahora,,
452,104000,5669,inventonahora,,
453,137000,4733,inventonahora,,
454,128000,3661,inventonahora,,
455,99000,2700,inventonahora,,
456,92000,3053,inventonahora,,
457,89000,2794,inventonahora,,
458,82000,3931,inventonahora,,
459,117000,6104,inventonahora,,
460,147000,4306,inventonahora,,
461,138000,4470,inventonahora,,
462,112000,3418,inventonahora,,
463,106000,2706,inventonahora,,
464,94000,3368,inventonahora,,
465,115000,3258,inventonahora,,
466,112000,4796,inventonahora,,
467,205000,5984,inventonahora,,
468,373000,3669,inventonahora,,
469,156000,2687,inventonahora,,
470,114000,2660,inventonahora,,
471,112000,3149,inventonahora,,
472,119000,2426,inventonahora,,
473,104000,2274,inventonahora,,
474,100000,2449,inventonahora,,
475,108000,3612,inventonahora,,
476,147000,4564,inventonahora,,
477,189000,4831,inventonahora,,
478,154000,3819,inventonahora,,
479,131000,2784,inventonahora,,
480,108000,2545,inventonahora,,
481,108000,2496,inventonahora,,
482,110000,3556,inventonahora,,
483,122000,3380,inventonahora,,
484,131000,4123,inventonahora,,
485,176000,4169,inventonahora,,
486,188000,2773,inventonahora,,
487,115000,3666,inventonahora,,
488,139000,3646,inventonahora,,
489,141000,3283,inventonahora,,
490,117000,5982,inventonahora,,
491,248000,8268,inventonahora,,
492,340000,7696,inventonahora,,
493,342000,6315,inventonahora,,
494,219000,5649,inventonahora,,
495,210000,4371,inventonahora,,
496,185000,5227,inventonahora,,
497,230000,5091,inventonahora,,
498,275000,4820,inventonahora,,
499,219000,4553,inventonahora,,
500,198000,5202,inventonahora,,
501,199000,5744,inventonahora,,
502,223000,4481,inventonahora,,
503,192000,3785,inventonahora,,
504,167000,5294,inventonahora,,
505,241000,6411,inventonahora,,
506,314000,5986,inventonahora,,
507,250000,5250,inventonahora,,
508,240000,4326,inventonahora,,
509,187000,3553,inventonahora,,
510,167000,4661,inventonahora,,
511,241000,6020,inventonahora,,
512,321000,4593,inventonahora,,
513,196000,4144,inventonahora,,
514,186000,4008,inventonahora,,
515,184000,3057,inventonahora,,
516,156000,2995,inventonahora,,
517,149000,2270,inventonahora,,
518,122000,3833,inventonahora,,
519,195000,4018,inventonahora,,
520,213000,2697,inventonahora,,
521,153000,5286,inventonahora,,
522,162000,4949,inventonahora,,
523,153000,3057,inventonahora,,
524,156000,2995,inventonahora,,
525,149000,2270,inventonahora,,
526,122000,3833,inventonahora,,
527,195000,4018,inventonahora,,
528,213000,2697,inventonahora,,
529,153000,5286,inventonahora,,
530,162000,4949,inventonahora,,
531,153000,3458,inventonahora,,
532,133000,5120,inventonahora,,
533,124000,5678,inventonahora,,
534,146000,6574,inventonahora,,
535,431000,4868,inventonahora,,
536,232000,5752,inventonahora,,
537,194000,4409,inventonahora,,
538,172000,3667,inventonahora,,
539,159000,4186,inventonahora,,
540,189000,5491,inventonahora,,
541,322000,3551,inventonahora,,
542,202000,3181,inventonahora,,
543,156000,2972,inventonahora,,
544,144000,2752,inventonahora,,
545,142000,4006,inventonahora,,
546,236000,4499,inventonahora,,
547,321000,3569,inventonahora,,
548,211000,2429,inventonahora,,
549,151000,3258,inventonahora,,
550,167000,3378,inventonahora,,
551,163000,3278,inventonahora,,
552,172000,2629,inventonahora,,
553,149000,2381,inventonahora,,
554,123000,2138,inventonahora,,
555,115000,1971,inventonahora,,
556,109000,2672,inventonahora,,
557,176000,3272,inventonahora,,
558,225000,3726,inventonahora,,
559,196000,4883,inventonahora,,
560,204000,3994,inventonahora,,
561,160000,3540,inventonahora,,
562,147000,2138,inventonahora,,
563,115000,1971,inventonahora,,
564,109000,2672,inventonahora,,
565,176000,3272,inventonahora,,
566,225000,3726,inventonahora,,
567,196000,4883,inventonahora,,
568,204000,3994,inventonahora,,
569,160000,3540,inventonahora,,
570,147000,2435,inventonahora,,
571,117000,3184,inventonahora,,
572,197000,4077,inventonahora,,
573,246000,4821,inventonahora,,
574,247000,4746,inventonahora,,
575,188000,3931,inventonahora,,
576,233000,3513,inventonahora,,
577,215000,3581,inventonahora,,
578,209000,3789,inventonahora,,
579,238000,3226,inventonahora,,
580,180000,2952,inventonahora,,
581,148000,2280,inventonahora,,
582,138000,2702,inventonahora,,
583,218000,3802,inventonahora,,
584,259000,3780,inventonahora,,
585,219000,2465,inventonahora,,
586,153000,2251,inventonahora,,
587,128000,2193,inventonahora,,
588,126000,2251,inventonahora,,
589,125000,1956,inventonahora,,
590,111000,1938,inventonahora,,
591,116000,1665,inventonahora,,
592,102000,1799,inventonahora,,
593,102000,1881,inventonahora,,
594,101000,1831,inventonahora,,
595,107000,2049,inventonahora,,
596,111000,2489,inventonahora,,
597,196000,2955,inventonahora,,
598,197000,2679,inventonahora,,
599,161000,2378,inventonahora,,
600,127000,2431,inventonahora,,
601,119000,1881,inventonahora,,
602,101000,1831,inventonahora,,
603,107000,2049,inventonahora,,
604,111000,2489,inventonahora,,
605,196000,2955,inventonahora,,
606,197000,2679,inventonahora,,
607,161000,2378,inventonahora,,
608,127000,2431,inventonahora,,
609,119000,2437,inventonahora,,
610,125000,2107,inventonahora,,
611,121000,2738,inventonahora,,
612,171000,3026,inventonahora,,
613,239000,3309,inventonahora,,
614,173000,3378,inventonahora,,
615,145000,2801,inventonahora,,
616,141000,2977,inventonahora,,
617,129000,2321,inventonahora,,
618,123000,2343,inventonahora,,
619,108000,2179,inventonahora,,
620,106000,2136,inventonahora,,
621,101000,1994,inventonahora,,
622,102000,1802,inventonahora,,
623,100000,1917,inventonahora,,
624,105000,1960,inventonahora,,
625,98000,1882,inventonahora,,
626,95000,1682,inventonahora,,
627,89000,1799,inventonahora,,
628,88000,2353,inventonahora,,
629,149000,2396,inventonahora,,
630,197000,3270,inventonahora,,
631,158000,2336,inventonahora,,
632,123000,2193,inventonahora,,
633,104000,2697,inventonahora,,
634,120000,2773,inventonahora,,
635,122000,2892,inventonahora,,
636,128000,2440,inventonahora,,
637,114000,2441,inventonahora,,
638,126000,2192,inventonahora,,
639,112000,3917,inventonahora,,
640,112000,4462,inventonahora,,
641,180000,4978,inventonahora,,
642,266000,4463,inventonahora,,
643,244000,3502,inventonahora,,
644,261000,3629,inventonahora,,
645,200000,3789,inventonahora,,
646,189000,4469,inventonahora,,
647,200000,3502,inventonahora,,
648,215000,3351,inventonahora,,
649,166000,3047,inventonahora,,
650,155000,2719,inventonahora,,
651,146000,2592,inventonahora,,
652,133000,2437,inventonahora,,
653,132000,3253,inventonahora,,
654,132000,3830,inventonahora,,
655,238000,4181,inventonahora,,
656,305000,3213,inventonahora,,
657,230000,3054,inventonahora,,
658,161000,3691,inventonahora,,
659,149000,3453,inventonahora,,
660,162000,3681,inventonahora,,
661,165000,5981,inventonahora,,
662,191000,5550,inventonahora,,
663,359000,3682,inventonahora,,
664,228000,2738,inventonahora,,
665,156000,2756,inventonahora,,
666,137000,2643,inventonahora,,
667,143000,2907,inventonahora,,
668,128000,3507,inventonahora,,
669,124000,3753,inventonahora,,
670,135000,3360,inventonahora,,
671,142000,3099,inventonahora,,
672,139000,3024,inventonahora,,
673,136000,3071,inventonahora,,
674,141000,3840,inventonahora,,
675,142000,6976,inventonahora,,
676,241000,4301,inventonahora,,
677,476000,3210,inventonahora,,
678,216000,3247,inventonahora,,
679,166000,3548,inventonahora,,
680,155000,4078,inventonahora,,
681,164000,3679,inventonahora,,
682,162000,3420,inventonahora,,
683,148000,3181,inventonahora,,
684,150000,3205,inventonahora,,
685,144000,2972,inventonahora,,
686,137000,2799,inventonahora,,
687,136000,2527,inventonahora,,
688,122000,2594,inventonahora,,
689,115000,3016,inventonahora,,
690,134000,3985,inventonahora,,
691,145000,3585,inventonahora,,
692,142000,3223,inventonahora,,
693,135000,3199,inventonahora,,
694,138000,3020,inventonahora,,
695,126000,2915,inventonahora,,
696,122000,3587,inventonahora,,
697,139000,3342,inventonahora,,
698,134000,4253,inventonahora,,
699,248000,6037,inventonahora,,
700,329000,4449,inventonahora,,
701,210000,3771,inventonahora,,
702,157000,3443,inventonahora,,
703,150000,3871,inventonahora,,
704,161000,4870,inventonahora,,
705,313000,4341,inventonahora,,
706,330000,3820,inventonahora,,
707,211000,3839,inventonahora,,
708,191000,3816,inventonahora,,
709,174000,4391,inventonahora,,
710,183000,5674,inventonahora,,
711,351000,5772,inventonahora,,
712,368000,3006,inventonahora,,
713,182000,3129,inventonahora,,
714,170000,3730,inventonahora,,
715,195000,3796,inventonahora,,
716,189000,3799,inventonahora,,
717,183000,4960,inventonahora,,
718,369000,7048,inventonahora,,
719,564000,5184,inventonahora,,
720,276000,4763,inventonahora,,
721,240000,4157,inventonahora,,
722,202000,3681,inventonahora,,
723,178000,4198,inventonahora,,
724,182000,5045,inventonahora,,
725,210000,4422,inventonahora,,
726,203000,2870,inventonahora,,
727,357000,5509,inventonahora,,
728,430000,5121,inventonahora,,
729,258000,4003,inventonahora,,
730,197000,5762,inventonahora,,
731,190000,6750,inventonahora,,
732,247000,6682,inventonahora,,
733,416000,7982,inventonahora,,
734,548000,6334,inventonahora,,
735,315000,4769,inventonahora,,
736,226000,4810,inventonahora,,
737,201000,5066,inventonahora,,
738,202000,5304,inventonahora,,
739,228000,5664,inventonahora,,
740,229000,5241,inventonahora,,
741,211000,4911,inventonahora,,
742,207000,4682,inventonahora,,
743,198000,3838,inventonahora,,
744,171000,4215,inventonahora,,
745,162000,4682,inventonahora,,
746,183000,5251,inventonahora,,
747,403000,6295,inventonahora,,
748,448000,4489,inventonahora,,
749,221000,4271,inventonahora,,
750,202000,4107,inventonahora,,
751,187000,4009,inventonahora,,
752,175000,4103,inventonahora,,
753,169000,4220,inventonahora,,
754,171000,10142,inventonahora,,
755,697000,5387,inventonahora,,
756,296000,5124,inventonahora,,
757,214000,4782,inventonahora,,
758,184000,4231,inventonahora,,
759,164000,4618,inventonahora,,
760,173000,5401,inventonahora,,
761,187000,6613,inventonahora,,
762,207000,5589,inventonahora,,
763,183000,6690,inventonahora,,
764,209000,6461,inventonahora,,
765,204000,4867,inventonahora,,
766,162000,14611,inventonahora,,
767,592000,6684,inventonahora,,
768,331000,6020,inventonahora,,
769,493000,6420,inventonahora,,
770,506000,4594,inventonahora,,
771,236000,4754,inventonahora,,
772,209000,4260,inventonahora,,
773,182000,4901,inventonahora,,
774,183000,5100,inventonahora,,
775,179000,4987,inventonahora,,
776,182000,4599,inventonahora,,
777,167000,4516,inventonahora,,
778,174000,4884,inventonahora,,
779,188000,4591,inventonahora,,
780,166000,4317,inventonahora,,
781,157000,4070,inventonahora,,
782,152000,3375,inventonahora,,
783,137000,3996,inventonahora,,
784,273000,5502,inventonahora,,
785,434000,5050,inventonahora,,
786,262000,4574,inventonahora,,
787,190000,3701,inventonahora,,
788,158000,3696,inventonahora,,
789,150000,3585,inventonahora,,
790,145000,3671,inventonahora,,
791,143000,4866,inventonahora,,
792,164000,5166,inventonahora,,
793,178000,4952,inventonahora,,
794,163000,4645,inventonahora,,
795,154000,4816,inventonahora,,
796,150000,4439,inventonahora,,
797,144000,4132,inventonahora,,
798,140000,5214,inventonahora,,
799,398000,9328,inventonahora,,
800,579000,7457,inventonahora,,
801,303000,5536,inventonahora,,
802,231000,4523,inventonahora,,
803,178000,4237,inventonahora,,
804,175000,4789,inventonahora,,
805,190000,4321,inventonahora,,
806,172000,4275,inventonahora,,
807,166000,4634,inventonahora,,
808,157000,4455,inventonahora,,
809,157000,4518,inventonahora,,
810,145000,4248,inventonahora,,
811,133000,3830,inventonahora,,
812,135000,3979,inventonahora,,
813,142000,4311,inventonahora,,
814,154000,4217,inventonahora,,
815,145000,4170,inventonahora,,
816,131000,3933,inventonahora,,
817,128000,3896,inventonahora,,
818,131000,3934,inventonahora,,
819,131000,3738,inventonahora,,
820,130000,3969,inventonahora,,
821,141000,4226,inventonahora,,
822,142000,4904,inventonahora,,
823,166000,4513,inventonahora,,
824,146000,4182,inventonahora,,
825,132000,3696,inventonahora,,
826,118000,3716,inventonahora,,
827,123000,3760,inventonahora,,
828,126000,3562,inventonahora,,
829,121000,4013,inventonahora,,
830,120000,3792,inventonahora,,
831,120000,3534,inventonahora,,
832,114000,3873,inventonahora,,
833,125000,3880,inventonahora,,
834,131000,3605,inventonahora,,
835,128000,4050,inventonahora,,
836,123000,4010,inventonahora,,
837,119000,3805,inventonahora,,
838,118000,3451,inventonahora,,
839,107000,4389,inventonahora,,
840,115000,4342,inventonahora,,
841,119000,3993,inventonahora,,
842,126000,3592,inventonahora,,
843,116000,3511,inventonahora,,
844,117000,3685,inventonahora,,
845,111000,3260,inventonahora,,
846,98000,3308,inventonahora,,
847,102000,3438,inventonahora,,
848,112000,3685,inventonahora,,
849,116000,4182,inventonahora,,
850,115000,3785,inventonahora,,
1,28603,22229,lucaslira,,
2,99326,45530,lucaslira,,
3,89048,16745,lucaslira,,
4,73027,11403,lucaslira,,
5,78384,9638,lucaslira,,
6,112824,8253,lucaslira,,
7,126278,7619,lucaslira,,
8,144911,9976,lucaslira,,
9,107051,8406,lucaslira,,
10,145590,6307,lucaslira,,
11,59631,3949,lucaslira,,
12,43822,3400,lucaslira,,
13,43667,4100,lucaslira,,
14,38335,3319,lucaslira,,
15,90177,3980,lucaslira,,
16,183744,6912,lucaslira,,
17,181748,6742,lucaslira,,
18,201749,7290,lucaslira,,
19,120379,5527,lucaslira,,
20,74900,4823,lucaslira,,
21,67636,7338,lucaslira,,
22,143335,6792,lucaslira,,
23,125448,4473,lucaslira,,
24,145197,3866,lucaslira,,
25,184540,3746,lucaslira,,
26,71423,2584,lucaslira,,
27,137532,3813,lucaslira,,
28,330681,8173,lucaslira,,
29,217000,6128,lucaslira,,
30,232654,4425,lucaslira,,
31,93178,3057,lucaslira,,
32,72713,2786,lucaslira,,
33,155319,3619,lucaslira,,
34,213085,4188,lucaslira,,
35,96961,3195,lucaslira,,
36,70035,2694,lucaslira,,
37,59300,2285,lucaslira,,
38,148439,2896,lucaslira,,
39,146688,3182,lucaslira,,
40,100283,3351,lucaslira,,
41,151603,4106,lucaslira,,
42,206203,4200,lucaslira,,
43,97956,3030,lucaslira,,
44,244841,4354,lucaslira,,
45,113681,2902,lucaslira,,
46,84341,2567,lucaslira,,
47,67559,2256,lucaslira,,
48,61966,2377,lucaslira,,
49,70852,2596,lucaslira,,
50,154001,3179,lucaslira,,
51,275886,3964,lucaslira,,
52,199628,3534,lucaslira,,
53,176661,3261,lucaslira,,
54,187831,3538,lucaslira,,
55,119889,3972,lucaslira,,
56,229025,4843,lucaslira,,
57,190557,4009,lucaslira,,
58,121163,3646,lucaslira,,
59,203645,4009,lucaslira,,
60,265693,3791,lucaslira,,
61,203592,3094,lucaslira,,
62,200987,2975,lucaslira,,
63,297315,4067,lucaslira,,
64,122237,3160,lucaslira,,
65,64127,1873,lucaslira,,
66,164187,2908,lucaslira,,
67,261125,4007,lucaslira,,
68,186748,3017,lucaslira,,
69,217203,3242,lucaslira,,
70,132725,3928,lucaslira,,
71,102902,3603,lucaslira,,
72,59365,1960,lucaslira,,
73,182739,3191,lucaslira,,
74,365371,5022,lucaslira,,
75,276102,4135,lucaslira,,
76,275685,3951,lucaslira,,
77,173459,3712,lucaslira,,
78,145238,3722,lucaslira,,
79,234730,4351,lucaslira,,
80,250795,4639,lucaslira,,
81,277571,4426,lucaslira,,
82,296444,4130,lucaslira,,
83,307250,4854,lucaslira,,
84,448567,6625,lucaslira,,
85,174918,3987,lucaslira,,
86,158476,2161,lucaslira,,
87,142786,3472,lucaslira,,
88,244558,4346,lucaslira,,
89,255243,3727,lucaslira,,
90,280544,4348,lucaslira,,
91,587418,8317,lucaslira,,
92,252770,5635,lucaslira,,
93,185471,4746,lucaslira,,
94,326940,5563,lucaslira,,
95,266331,4675,lucaslira,,
96,363870,6175,lucaslira,,
97,491286,7633,lucaslira,,
98,293658,5295,lucaslira,,
99,364948,5871,lucaslira,,
100,348499,5601,lucaslira,,
101,403955,5691,lucaslira,,
102,315787,4834,lucaslira,,
103,202406,3973,lucaslira,,
104,313754,4656,lucaslira,,
105,352972,4996,lucaslira,,
106,198301,4046,lucaslira,,
107,166793,3667,lucaslira,,
108,332865,4270,lucaslira,,
109,347728,4723,lucaslira,,
110,364003,4208,lucaslira,,
111,387021,4867,lucaslira,,
112,405975,4631,lucaslira,,
113,366502,4568,lucaslira,,
114,292428,4559,lucaslira,,
115,193826,3428,lucaslira,,
116,545854,9227,lucaslira,,
117,610027,10406,lucaslira,,
118,238137,5411,lucaslira,,
119,439214,6121,lucaslira,,
120,695385,9927,lucaslira,,
121,351890,7781,lucaslira,,
122,224017,4803,lucaslira,,
123,454855,5312,lucaslira,,
124,398227,5343,lucaslira,,
125,626998,6338,lucaslira,,
126,224715,4184,lucaslira,,
127,172505,3143,lucaslira,,
128,151079,3813,lucaslira,,
129,143182,3515,lucaslira,,
130,288214,3449,lucaslira,,
131,320516,3881,lucaslira,,
132,178882,3404,lucaslira,,
133,485085,4265,lucaslira,,
134,392774,4291,lucaslira,,
135,472007,4387,lucaslira,,
136,338491,3388,lucaslira,,
137,360772,3321,lucaslira,,
138,437501,4069,lucaslira,,
139,414868,4103,lucaslira,,
140,372744,3589,lucaslira,,
141,341856,3213,lucaslira,,
142,177096,2525,lucaslira,,
143,149340,2892,lucaslira,,
144,142815,2950,lucaslira,,
145,348844,3530,lucaslira,,
146,490906,4451,lucaslira,,
147,206358,3092,lucaslira,,
148,141171,2637,lucaslira,,
149,312436,3010,lucaslira,,
150,361915,3713,lucaslira,,
151,381198,4155,lucaslira,,
152,431873,5175,lucaslira,,
153,421348,4782,lucaslira,,
154,424184,4565,lucaslira,,
155,502623,6468,lucaslira,,
156,429439,6467,lucaslira,,
157,200036,3260,lucaslira,,
158,163908,3129,lucaslira,,
159,162198,3460,lucaslira,,
160,358099,4263,lucaslira,,
161,356193,3686,lucaslira,,
162,160389,3091,lucaslira,,
163,155610,3449,lucaslira,,
164,165354,3932,lucaslira,,
165,357233,4317,lucaslira,,
166,356335,4627,lucaslira,,
167,395344,4399,lucaslira,,
168,393505,4887,lucaslira,,
169,391434,4827,lucaslira,,
170,373649,4532,lucaslira,,
171,389383,3682,lucaslira,,
172,453688,4117,lucaslira,,
173,442866,4092,lucaslira,,
174,450174,4587,lucaslira,,
175,444840,4095,lucaslira,,
176,387807,3934,lucaslira,,
177,208221,3460,lucaslira,,
178,310544,3397,lucaslira,,
179,409297,3816,lucaslira,,
180,491987,4427,lucaslira,,
181,443793,5210,lucaslira,,
182,500142,5619,lucaslira,,
183,400816,4756,lucaslira,,
184,454841,4345,lucaslira,,
185,388729,3901,lucaslira,,
186,433666,3824,lucaslira,,
187,327398,3625,lucaslira,,
188,219176,3404,lucaslira,,
189,406629,3842,lucaslira,,
190,322165,3457,lucaslira,,
191,387123,3345,lucaslira,,
192,325897,3350,lucaslira,,
193,216889,3296,lucaslira,,
194,179216,3150,lucaslira,,
195,447955,4312,lucaslira,,
196,324270,4018,lucaslira,,
197,201964,3434,lucaslira,,
198,161853,3312,lucaslira,,
199,394005,5272,lucaslira,,
200,523271,4790,lucaslira,,
201,480809,5462,lucaslira,,
202,239259,3988,lucaslira,,
203,218583,4157,lucaslira,,
204,165812,3281,lucaslira,,
205,400227,3604,lucaslira,,
206,470677,3610,lucaslira,,
207,278876,3447,lucaslira,,
208,376188,3683,lucaslira,,
209,373952,4284,lucaslira,,
210,344945,3832,lucaslira,,
1,8717,656,Japa,,
2,14408,32958,Japa,,
3,5971,8986,Japa,,
4,4459,4091,Japa,,
5,9631,3190,Japa,,
6,2634,3425,Japa,,
7,192,2284,Japa,,
8,129,2337,Japa,,
9,11319,1883,Japa,,
10,16340,2095,Japa,,
11,8804,1856,Japa,,
12,60378,1964,Japa,,
13,121125,7299,Japa,,
14,30865,6602,Japa,,
15,11760,4381,Japa,,
16,10417,3260,Japa,,
17,8800,2872,Japa,,
18,8178,2605,Japa,,
19,8463,3871,Japa,,
20,24228,4376,Japa,,
21,49608,4989,Japa,,
22,49504,5762,Japa,,
23,30133,5984,Japa,,
24,20473,5091,Japa,,
25,17335,4561,Japa,,
26,20033,3916,Japa,,
27,60288,4228,Japa,,
28,45859,4793,Japa,,
29,47235,5915,Japa,,
30,36924,4951,Japa,,
31,57715,4143,Japa,,
32,77592,4406,Japa,,
33,37721,4020,Japa,,
34,63192,1790,Japa,,
35,34709,1392,Japa,,
36,27120,1126,Japa,,
37,17934,802,Japa,,
38,18302,915,Japa,,
39,18743,856,Japa,,
40,14770,660,Japa,,
41,19936,665,Japa,,
42,51341,1380,Japa,,
43,26446,894,Japa,,
44,24450,691,Japa,,
45,24198,970,Japa,,
46,52377,980,Japa,,
47,47187,948,Japa,,
48,21852,602,Japa,,
49,19220,678,Japa,,
50,19711,675,Japa,,
51,17178,649,Japa,,
52,52666,862,Japa,,
53,25882,886,Japa,,
54,43799,1119,Japa,,
55,76822,1762,Japa,,
56,73269,1688,Japa,,
57,45790,1049,Japa,,
58,41757,923,Japa,,
59,26049,903,Japa,,
60,59374,1251,Japa,,
61,227261,4513,Japa,,
62,68315,1721,Japa,,
63,40688,1226,Japa,,
64,32800,993,Japa,,
65,30528,888,Japa,,
66,51259,1266,Japa,,
67,62434,1307,Japa,,
68,38477,924,Japa,,
69,33005,942,Japa,,
70,30714,901,Japa,,
71,26995,816,Japa,,
72,27388,775,Japa,,
73,89310,1175,Japa,,
74,141512,1904,Japa,,
75,44457,1094,Japa,,
76,32361,1082,Japa,,
77,32077,1080,Japa,,
78,28869,954,Japa,,
79,27919,921,Japa,,
80,36540,1306,Japa,,
81,43094,1469,Japa,,
82,32178,954,Japa,,
83,22821,723,Japa,,
84,23318,624,Japa,,
85,24591,621,Japa,,
86,23174,721,Japa,,
87,81097,1335,Japa,,
88,95502,1501,Japa,,
89,36740,969,Japa,,
90,31960,975,Japa,,
91,45968,1064,Japa,,
92,90592,1570,Japa,,
93,50443,1359,Japa,,
94,82261,1382,Japa,,
95,100070,1822,Japa,,
96,76422,1217,Japa,,
97,71246,1307,Japa,,
98,164579,1832,Japa,,
99,67823,1334,Japa,,
100,88145,1479,Japa,,
101,61317,1206,Japa,,
102,56274,1295,Japa,,
103,58787,1542,Japa,,
104,124507,2285,Japa,,
105,142289,2564,Japa,,
106,71974,1586,Japa,,
107,97859,1981,Japa,,
108,95891,1606,Japa,,
109,61174,1375,Japa,,
110,52538,1189,Japa,,
111,46449,1124,Japa,,
112,46885,1247,Japa,,
113,51968,1480,Japa,,
114,46411,1151,Japa,,
115,44380,1193,Japa,,
116,93418,2323,Japa,,
117,103365,2659,Japa,,
118,82326,2665,Japa,,
119,62269,1734,Japa,, 
120,60547,1544,Japa,,
121,54316,1532,Japa,,
122,53824,1453,Japa,,
123,49439,1292,Japa,,
124,47620,1229,Japa,,
125,45985,1231,Japa,,
126,38469,1108,Japa,,
127,37509,1065,Japa,,
128,41969,1026,Japa,,
129,49300,1011,Japa,,
130,129527,2749,Japa,,
131,174442,2581,Japa,,
132,92708,2352,Japa,,
133,94828,2963,Japa,,
134,88671,2952,Japa,,
135,90331,2229,Japa,,
136,82243,2041,Japa,,
137,65239,1426,Japa,,
138,53946,1347,Japa,,
139,50476,1135,Japa,,
140,107736,1943,Japa,,
141,140426,2508,Japa,,
142,100265,2650,Japa,,
143,99455,2282,Japa,,
144,169962,3172,Japa,,
145,367472,4306,Japa,,
146,176810,3705,Japa,,
147,222956,4604,Japa,,
148,312939,4390,Japa,,
149,194304,3875,Japa,,
150,162851,3546,Japa,,
151,129819,2997,Japa,,
152,205138,3057,Japa,,
153,208125,5287,Japa,,
154,214512,4382,Japa,,
155,138632,2748,Japa,,
156,140301,2649,Japa,,
157,130948,2558,Japa,,
158,118369,2496,Japa,,
159,131780,2712,Japa,,
160,185225,3062,Japa,,
161,185934,3306,Japa,,
162,165370,3225,Japa,,
163,161809,3299,Japa,,
164,123952,2296,Japa,,
165,113869,2667,Japa,,
166,119331,2467,Japa,,
167,121365,2783,Japa,,
168,187961,2825,Japa,,
169,182707,2937,Japa,,
170,132602,2755,Japa,,
171,105149,2254,Japa,,
172,105767,2352,Japa,,
173,117380,2711,Japa,,
174,191852,2785,Japa,,
175,217175,2858,Japa,,
176,171263,2615,Japa,,
177,132376,2126,Japa,,
178,130538,2134,Japa,,
179,119189,2176,Japa,,
180,135063,2355,Japa,,
181,110081,1884,Japa,,
182,105754,1769,Japa,,
183,109283,1863,Japa,,
184,101044,1659,Japa,,
185,88690,1311,Japa,,
186,172086,1354,Japa,,
187,132406,1549,Japa,,
188,124608,1567,Japa,,
189,107332,1280,Japa,,
190,97563,1190,Japa,,
191,91926,1267,Japa,,
192,85419,1223,Japa,,
193,76245,1274,Japa,,
194,133844,1580,Japa,,
195,130503,1536,Japa,,
196,105375,1530,Japa,,
197,94670,1456,Japa,,
198,85902,1223,Japa,,
199,85881,1781,Japa,,
200,86602,1547,Japa,,
201,83069,1224,Japa,,
202,76861,1098,Japa,,
203,77090,1078,Japa,,
204,77577,1003,Japa,,
205,77073,1227,Japa,,
206,73140,903,Japa,,
207,62709,788,Japa,,
208,60233,806,Japa,,
209,60238,965,Japa,,
210,54469,681,Japa,,
211,53199,705,Japa,,
212,58902,644,Japa,,
213,120844,940,Japa,,
214,168864,2090,Japa,,
215,108363,1306,Japa,,
216,194909,1728,Japa,,
217,132827,1798,Japa,,
218,106763,1402,Japa,,
219,102318,1294,Japa,,
220,235451,1826,Japa,,
221,132350,1592,Japa,,
222,104261,1335,Japa,,
223,172348,1404,Japa,,
224,164244,1930,Japa,,
225,213331,1800,Japa,,
226,227901,1818,Japa,,
227,263274,2197,Japa,,
228,287005,3563,Japa,,
229,182892,2631,Japa,,
230,138098,1914,Japa,,
231,120887,1564,Japa,,
232,111207,1477,Japa,,
233,105381,1322,Japa,,
234,107676,1387,Japa,,
235,98774,1301,Japa,,
236,130360,3023,Japa,,
237,105775,1652,Japa,,
238,96677,1298,Japa,,
239,96153,1188,Japa,,
240,99235,1296,Japa,,
241,112328,1785,Japa,,
242,106463,1480,Japa,,
243,97214,1410,Japa,,
244,90376,1500,Japa,,
245,269331,2919,Japa,,
246,161071,1975,Japa,,
247,137519,1801,Japa,,
248,117397,1412,Japa,,
249,98806,1284,Japa,,
250,92639,1496,Japa,,
251,84050,1300,Japa,,
252,79092,1233,Japa,,
253,203269,4277,Japa,,
254,258076,4191,Japa,,
255,296473,3126,Japa,,
256,180675,2260,Japa,,
257,149534,2362,Japa,,
258,268135,2742,Japa,,
259,286617,2765,Japa,,
260,192734,2513,Japa,,
261,165425,2612,Japa,,
262,157859,2308,Japa,,
263,128730,2194,Japa,,
264,133243,2125,Japa,,
265,232258,2379,Japa,,
266,208579,2267,Japa,,
267,161891,1844,Japa,,
268,319255,2779,Japa,,
269,206563,2250,Japa,,
270,354768,2894,Japa,,
271,221181,2892,Japa,,
272,181708,2413,Japa,, 
273,174119,2383,Japa,,
274,167638,2113,Japa,,
275,169786,2222,Japa,,
276,169903,2095,Japa,,
277,145458,2034,Japa,,
278,161998,2464,Japa,,
279,154182,2197,Japa,,
280,171004,2357,Japa,,
281,146018,2075,Japa,,
282,153373,1928,Japa,,
283,143361,1797,Japa,,
284,126754,1738,Japa,,
285,121475,1592,Japa,,
286,111989,1590,Japa,,
287,103077,1487,Japa,,
288,107176,1506,Japa,,
289,129552,2306,Japa,,
290,137302,2381,Japa,,
291,132546,2376,Japa,,
292,123657,2328,Japa,,
293,129231,2137,Japa,,
294,118339,1868,Japa,,
295,111870,1686,Japa,,
296,115170,1691,Japa,,
297,245057,11876,Japa,,
298,452328,16645,Japa,,
299,296259,7669,Japa,,
300,226370,4374,Japa,,
301,191403,3674,Japa,,
302,178827,2935,Japa,,
303,486689,4613,Japa,,
304,408832,4346,Japa,,
305,278890,4152,Japa,,
306,230264,3124,Japa,,
307,214744,2701,Japa,,
308,187568,2513,Japa,,
309,182021,2072,Japa,,
310,188533,2201,Japa,,
311,167220,1839,Japa,,
312,199095,3745,Japa,,
313,192837,3065,Japa,,
314,171269,2293,Japa,,
315,175176,2369,Japa,,
316,178869,2228,Japa,,
317,181371,2214,Japa,,
318,186616,2295,Japa,,
319,166620,2131,Japa,,
320,169295,2058,Japa,,
321,164156,2039,Japa,,
322,157587,1938,Japa,,
323,156496,1870,Japa,,
324,157317,1880,Japa,,
325,159370,1976,Japa,,
326,158508,1932,Japa,,
327,352099,2695,Japa,,
328,578050,4375,Japa,,
329,242724,2977,Japa,,
330,205882,2287,Japa,,
331,208062,2320,Japa,,
332,177353,1960,Japa,,
333,389162,3575,Japa,,
334,593137,5154,Japa,,
335,344432,3777,Japa,,
336,295164,3217,Japa,,
337,281448,3456,Japa,,
338,272387,3099,Japa,,
339,229430,2674,Japa,,
340,228651,2862,Japa,,
341,253763,3118,Japa,,
342,224761,2940,Japa,,
343,225767,2945,Japa,,
344,227113,2917,Japa,,
345,219282,2625,Japa,,
346,187132,2289,Japa,,
347,175982,2188,Japa,,
348,200049,2593,Japa,,
349,198600,2459,Japa,,
350,142044,1665,Japa,,
351,138888,1634,Japa,,
352,166270,2036,Japa,,
353,150740,1758,Japa,,
354,145704,1766,Japa,,
355,176870,2220,Japa,,
356,167997,1989,Japa,,
357,126988,1395,Japa,,
358,134383,1359,Japa,,
359,159345,1759,Japa,,
360,158029,1803,Japa,,
361,163960,1915,Japa,,
362,184506,2305,Japa,,
363,170149,1866,Japa,,
364,170792,2001,Japa,, 
365,417097,4734,Japa,,
366,499755,5023,Japa,,
367,231862,3202,Japa,,
368,226916,3133,Japa,,
369,242461,3290,Japa,,
370,232870,2877,Japa,,
371,235133,1480,Japa,,
372,223988,2457,Japa,,
373,217023,2808,Japa,,
374,187317,2345,Japa,,
375,194034,2900,Japa,,
376,255091,3797,Japa,,
377,226850,3386,Japa,,
378,243665,4267,Japa,,
379,247326,3901,Japa,,
380,254807,3914,Japa,,
381,232628,3914,Japa,,
382,227309,3943,Japa,,
383,676399,8882,Japa,,
384,876686,10802,Japa,,
385,398537,5741,Japa,,
386,372473,5806,Japa,,
387,348101,5190,Japa,,
388,270226,3886,Japa,,
389,235174,3455,Japa,,
390,256366,3913,Japa,,
391,233094,3533,Japa,,
392,209087,3154,Japa,,
393,191495,2796,Japa,,
394,205989,2947,Japa,,
395,220462,3465,Japa,,
396,197003,3147,Japa,,
397,244826,5436,Japa,,
398,289688,6531,Japa,,
399,271843,5845,Japa,,
400,244195,4220,Japa,,
401,916815,26295,Japa,,
402,501303,11546,Japa,,
403,372723,7368,Japa,,
404,369619,7947,Japa,,
405,376278,8175,Japa,,
406,878342,12814,Japa,,
407,992867,13880,Japa,,
408,511522,8671,Japa,,
409,746035,15817,Japa,,
410,498835,11923,Japa,,
411,557843,18957,Japa,,
412,489133,12162,Japa,,
413,485322,14910,Japa,,
414,449350,9641,Japa,,
415,430916,8707,Japa,,
416,449564,8973,Japa,,
417,385958,7869,Japa,,
418,335412,6282,Japa,,
419,317174,6199,Japa,,
420,313323,6163,Japa,,
421,304296,5956,Japa,,
422,329441,5478,Japa,,
423,351521,5994,Japa,,
424,799026,14129,Japa,,
425,575884,11047,Japa,,
426,408090,8034,Japa,,
427,360064,6750,Japa,,
428,358631,6664,Japa,,
429,360723,6911,Japa,,
430,401329,7445,Japa,,
431,402986,8580,Japa,,
432,365103,8250,Japa,,
433,326764,6941,Japa,,
434,311524,6421,Japa,,
435,317326,6045,Japa,,
436,355651,7442,Japa,,
437,391160,8051,Japa,,
438,365335,8163,Japa,,
439,333644,7643,Japa,,
440,311281,6720,Japa,,
441,284871,6039,Japa,,
442,283506,5580,Japa,,
443,330468,8093,Japa,,
444,383483,9073,Japa,,
445,350462,7941,Japa,,
446,293799,6530,Japa,,
447,292740,6077,Japa,,
448,305032,6051,Japa,,
449,354109,6888,Japa,,
450,333754,6693,Japa,,
451,306324,5801,Japa,,
452,292553,6187,Japa,,
453,316768,7515,Japa,,
454,303804,6910,Japa,, 
455,295533,6971,Japa,,
456,301087,6510,Japa,,
457,320801,6688,Japa,,
458,329385,6561,Japa,,
459,304094,6283,Japa,,
460,299820,9260,Japa,,
461,285898,6930,Japa,,
462,271104,6156,Japa,,
463,266299,6112,Japa,,
464,272382,5577,Japa,,
465,639197,9576,Japa,,
466,1072539,13001,Japa,,
467,622344,10223,Japa,,
468,437581,8150,Japa,,
469,362360,6967,Japa,,
470,319517,6552,Japa,,
471,338942,6755,Japa,,
472,343982,6892,Japa,,
473,327427,6859,Japa,,
474,304009,6825,Japa,,
475,310782,6963,Japa,,
476,294653,6448,Japa,,
477,326496,6844,Japa,,
478,361787,7926,Japa,,
479,353713,7685,Japa,,
480,350275,8189,Japa,,
481,317947,7790,Japa,,
482,289970,7078,Japa,,
483,270449,6764,Japa,,
484,274564,6414,Japa,, 
1,5674,315,vocesabia,,
2,3255,331,vocesabia,,
3,613,42,vocesabia,,
4,580,21,vocesabia,,
5,379,7,vocesabia,,
6,303,6,vocesabia,,
7,256,16,vocesabia,,
8,273,5,vocesabia,,
9,648,12,vocesabia,,
10,265,4,vocesabia,,
11,89,4,vocesabia,,
12,280,2,vocesabia,,
13,176,5,vocesabia,,
14,92,1,vocesabia,,
15,2947,85,vocesabia,,
16,1563,55,vocesabia,,
17,1824,80,vocesabia,,
18,24095,526,vocesabia,,
19,124583,1158,vocesabia,,
20,57396,503,vocesabia,,
21,22833,231,vocesabia,,
22,32662,333,vocesabia,,
23,34192,249,vocesabia,,
24,22694,217,vocesabia,,
25,10182,175,vocesabia,,
26,5945,82,vocesabia,,
27,16213,402,vocesabia,,
28,16533,436,vocesabia,,
29,15608,437,vocesabia,,
30,16105,402,vocesabia,,
31,5415,110,vocesabia,,
32,2739,65,vocesabia,,
33,4519,76,vocesabia,,
34,3505,56,vocesabia,,
35,1230,33,vocesabia,,
36,7240,286,vocesabia,,
37,7751,252,vocesabia,,
38,4255,90,vocesabia,,
39,6211,161,vocesabia,,
40,3840,146,vocesabia,,
41,5519,149,vocesabia,,
42,2649,94,vocesabia,,
43,5605,109,vocesabia,,
44,4401,121,vocesabia,,
45,5410,157,vocesabia,,
46,7084,385,vocesabia,,
47,18894,871,vocesabia,,
48,10585,572,vocesabia,,
49,6974,395,vocesabia,,
50,21345,979,vocesabia,,
51,15890,666,vocesabia,,
52,14401,596,vocesabia,,
53,16990,598,vocesabia,,
54,15572,608,vocesabia,,
55,7969,252,vocesabia,,
56,6343,318,vocesabia,,
57,11840,440,vocesabia,,
58,8921,418,vocesabia,,
59,5671,340,vocesabia,,
60,20006,1134,vocesabia,,
61,17687,914,vocesabia,,
62,12080,646,vocesabia,,
63,8241,500,vocesabia,,
64,13086,521,vocesabia,,
65,9730,366,vocesabia,,
66,7254,296,vocesabia,,
67,18051,766,vocesabia,,
68,18275,805,vocesabia,,
69,9263,496,vocesabia,,
70,9178,336,vocesabia,,
71,9627,289,vocesabia,,
72,5702,247,vocesabia,,
73,5997,320,vocesabia,,
74,30317,1107,vocesabia,,
75,39979,1340,vocesabia,,
76,19028,842,vocesabia,,
77,25355,999,vocesabia,,
78,33807,1281,vocesabia,,
79,10349,530,vocesabia,,
80,13584,597,vocesabia,,
81,19689,536,vocesabia,,
82,18232,592,vocesabia,,
83,15650,479,vocesabia,,
84,11421,428,vocesabia,,
85,12323,418,vocesabia,,
86,12333,405,vocesabia,,
87,7958,332,vocesabia,,
88,22233,740,vocesabia,,
89,13949,525,vocesabia,,
90,16018,545,vocesabia,,
91,13095,560,vocesabia,,
92,11431,511,vocesabia,,
93,8021,432,vocesabia,,
94,8061,442,vocesabia,,
95,18200,501,vocesabia,,
96,11068,387,vocesabia,,
97,7206,323,vocesabia,,
98,7415,331,vocesabia,,
99,9705,497,vocesabia,,
100,7652,330,vocesabia,,
101,7646,339,vocesabia,,
102,15236,667,vocesabia,,
103,16344,765,vocesabia,,
104,17562,838,vocesabia,,
105,13192,607,vocesabia,,
106,16870,905,vocesabia,,
107,11726,530,vocesabia,,
108,8827,399,vocesabia,,
109,16934,640,vocesabia,,
110,17017,584,vocesabia,,
111,12037,461,vocesabia,,
112,11475,461,vocesabia,,
113,11541,625,vocesabia,,
114,8925,453,vocesabia,,
115,7571,371,vocesabia,,
116,20289,657,vocesabia,,
117,27206,802,vocesabia,,
118,9863,387,vocesabia,,
119,7710,316,vocesabia,,
120,6995,259,vocesabia,,
121,8674,397,vocesabia,,
122,7844,380,vocesabia,,
123,16327,537,vocesabia,,
124,13336,454,vocesabia,,
125,8816,365,vocesabia,,
126,8281,365,vocesabia,,
127,9763,577,vocesabia,,
128,12339,655,vocesabia,,
129,10573,530,vocesabia,,
130,22115,1185,vocesabia,,
131,25400,2020,vocesabia,,
132,26712,1637,vocesabia,,
133,22067,1270,vocesabia,,
134,43707,1882,vocesabia,,
135,32438,1581,vocesabia,,
136,29538,1430,vocesabia,,
137,40737,1642,vocesabia,,
138,26456,1243,vocesabia,,
139,18232,987,vocesabia,,
140,17291,948,vocesabia,,
141,20996,1249,vocesabia,,
142,18267,823,vocesabia,,
143,14573,777,vocesabia,,
144,22857,857,vocesabia,,
145,25556,1050,vocesabia,,
146,24080,921,vocesabia,,
147,23922,1084,vocesabia,,
148,21894,985,vocesabia,,
149,21560,909,vocesabia,,
150,23643,893,vocesabia,,
151,36535,975,vocesabia,,
152,23043,952,vocesabia,,
153,15590,732,vocesabia,,
154,19590,942,vocesabia,,
155,17473,741,vocesabia,,
156,13217,630,vocesabia,,
157,13420,726,vocesabia,,
158,13720,796,vocesabia,,
159,29784,766,vocesabia,,
160,20121,730,vocesabia,,
161,19086,550,vocesabia,,
162,14507,714,vocesabia,,
163,15188,392,vocesabia,,
164,11077,520,vocesabia,,
165,11477,642,vocesabia,,
166,28169,676,vocesabia,,
167,18358,827,vocesabia,,
168,17605,953,vocesabia,,
169,17911,708,vocesabia,,
170,14210,675,vocesabia,,
171,13716,732,vocesabia,,
172,13816,678,vocesabia,,
173,23400,559,vocesabia,,
174,17379,584,vocesabia,,
175,13322,416,vocesabia,,
176,19686,353,vocesabia,,
177,8608,510,vocesabia,,
178,9472,601,vocesabia,,
179,10984,699,vocesabia,,
180,16025,695,vocesabia,,
181,15730,763,vocesabia,,
182,16032,586,vocesabia,,
183,13348,551,vocesabia,,
184,16732,1097,vocesabia,,
185,15499,738,vocesabia,,
186,23143,821,vocesabia,,
187,19416,665,vocesabia,,
188,19530,756,vocesabia,,
189,19311,700,vocesabia,,
190,19250,718,vocesabia,,
191,16769,688,vocesabia,,
192,13884,677,vocesabia,,
193,24968,795,vocesabia,,
194,21640,671,vocesabia,,
195,16185,613,vocesabia,,
196,14261,611,vocesabia,,
197,12917,670,vocesabia,,
198,11763,554,vocesabia,,
199,11434,451,vocesabia,,
200,20519,664,vocesabia,,
201,17247,750,vocesabia,,
202,23494,919,vocesabia,,
203,17989,698,vocesabia,,
204,16954,595,vocesabia,,
205,16890,718,vocesabia,,
206,16053,802,vocesabia,,
207,25464,1221,vocesabia,,
208,20769,1038,vocesabia,,
209,22079,1040,vocesabia,,
210,33665,2225,vocesabia,,
211,32866,1705,vocesabia,,
212,25680,1339,vocesabia,,
213,21332,1201,vocesabia,,
214,52064,3016,vocesabia,,
215,35085,2350,vocesabia,,
216,32783,1395,vocesabia,,
217,41689,2087,vocesabia,,
218,58441,2743,vocesabia,,
219,37008,2107,vocesabia,,
220,27596,1443,vocesabia,,
221,52934,2294,vocesabia,,
222,44864,1685,vocesabia,,
223,31300,1244,vocesabia,,
224,46984,1857,vocesabia,,
225,54118,2891,vocesabia,,
226,52387,1968,vocesabia,,
227,41768,1591,vocesabia,,
228,64715,2087,vocesabia,,
229,51959,2051,vocesabia,,
230,45801,1808,vocesabia,,
231,59052,2466,vocesabia,,
232,53484,2101,vocesabia,,
233,35663,1583,vocesabia,,
234,34646,1422,vocesabia,,
235,61074,1902,vocesabia,,
236,43362,1594,vocesabia,,
237,36311,1503,vocesabia,,
238,46010,1439,vocesabia,,
239,41547,1309,vocesabia,,
240,31648,1180,vocesabia,,
241,24314,1085,vocesabia,,
242,36191,1049,vocesabia,,
243,30962,1063,vocesabia,,
244,30080,1048,vocesabia,,
245,39473,1107,vocesabia,,
246,40940,1350,vocesabia,,
247,29328,987,vocesabia,,
248,25111,1000,vocesabia,,
249,46886,1037,vocesabia,,
250,42093,1254,vocesabia,,
251,30530,1200,vocesabia,,
252,51750,1465,vocesabia,,
253,42638,1620,vocesabia,,
254,32281,1489,vocesabia,,
255,22894,885,vocesabia,,
256,51981,1116,vocesabia,,
257,36137,1091,vocesabia,,
258,38295,1192,vocesabia,,
259,50486,1074,vocesabia,,
260,38910,996,vocesabia,,
261,29608,1006,vocesabia,,
262,28362,1117,vocesabia,,
263,51773,1472,vocesabia,,
264,42217,1213,vocesabia,,
265,36215,1252,vocesabia,,
266,57681,1513,vocesabia,,
267,53021,1529,vocesabia,,
268,46433,1828,vocesabia,,
269,43990,1711,vocesabia,,
270,63688,1293,vocesabia,,
271,50514,1515,vocesabia,,
272,45842,1318,vocesabia,,
273,71879,1443,vocesabia,,
274,60590,1738,vocesabia,,
275,89748,2241,vocesabia,,
276,78114,2002,vocesabia,,
277,98484,2023,vocesabia,,
278,62940,1836,vocesabia,,
279,53224,1438,vocesabia,,
280,79179,1703,vocesabia,,
281,89860,2394,vocesabia,,
282,98025,2436,vocesabia,,
283,76508,2125,vocesabia,,
284,102516,1978,vocesabia,,
285,70149,1750,vocesabia,,
286,48367,1453,vocesabia,,
287,82128,1691,vocesabia,,
288,80056,2146,vocesabia,,
289,121063,2314,vocesabia,,
290,97681,3077,vocesabia,,
291,130876,3092,vocesabia,,
292,89773,2696,vocesabia,,
293,77586,2642,vocesabia,,
294,103987,2682,vocesabia,,
295,101940,2901,vocesabia,,
296,150472,2938,vocesabia,,
297,97252,2861,vocesabia,,
298,125385,3025,vocesabia,,
299,86060,2488,vocesabia,,
300,74881,2308,vocesabia,,
301,101757,2286,vocesabia,,
302,89184,2632,vocesabia,,
303,125550,2592,vocesabia,,
304,93404,2458,vocesabia,,
305,111805,1879,vocesabia,,
306,76184,1886,vocesabia,,
307,68165,1803,vocesabia,,
308,63980,1852,vocesabia,,
309,103963,2348,vocesabia,,
310,100581,2219,vocesabia,,
311,111773,2136,vocesabia,,
312,134058,2109,vocesabia,,
313,84782,1781,vocesabia,,
314,89125,1313,vocesabia,,
315,90016,1707,vocesabia,,
316,96113,1711,vocesabia,,
317,134432,2086,vocesabia,,
318,80878,1878,vocesabia,,
319,117815,1907,vocesabia,,
320,91184,1885,vocesabia,,
321,77238,1955,vocesabia,,
322,119044,1900,vocesabia,,
323,86646,1649,vocesabia,,
324,136075,1710,vocesabia,,
325,79408,1768,vocesabia,,
326,130043,1751,vocesabia,,
327,97922,1986,vocesabia,,
328,98096,1917,vocesabia,,
329,114048,1783,vocesabia,,
330,98024,1649,vocesabia,,
331,135210,1784,vocesabia,,
332,86617,1824,vocesabia,,
333,140519,1605,vocesabia,,
334,86269,1714,vocesabia,,
335,83640,1713,vocesabia,,
336,121264,1762,vocesabia,,
337,100785,1692,vocesabia,,
338,135189,1703,vocesabia,,
339,204526,2072,vocesabia,,
340,154828,1674,vocesabia,,
341,124522,1714,vocesabia,,
342,120377,1761,vocesabia,,
343,143376,1731,vocesabia,,
344,99978,1989,vocesabia,,
345,158253,2071,vocesabia,,
346,90906,1527,vocesabia,,
347,163145,1774,vocesabia,,
348,95460,1588,vocesabia,,
349,104797,1600,vocesabia,,
350,149965,1777,vocesabia,,
351,107994,1615,vocesabia,,
352,81220,1517,vocesabia,,
353,141863,1595,vocesabia,,
354,140416,1473,vocesabia,,
355,83747,1179,vocesabia,,
356,77485,1217,vocesabia,,
357,127871,1537,vocesabia,,
358,102296,1735,vocesabia,,
359,145846,1384,vocesabia,,
360,82343,1262,vocesabia,,
361,145604,1600,vocesabia,,
362,100297,1600,vocesabia,,
363,84919,1511,vocesabia,,
364,113645,1444,vocesabia,,
365,99210,1603,vocesabia,,
366,166006,1701,vocesabia,,
367,94549,1504,vocesabia,,
368,123690,2329,vocesabia,,
369,105797,2110,vocesabia,,
370,93635,1983,vocesabia,,
371,119368,1915,vocesabia,,
372,116430,1716,vocesabia,,
373,146270,1637,vocesabia,,
374,95676,1590,vocesabia,,
375,159964,1806,vocesabia,,
376,120835,1964,vocesabia,,
377,114933,1626,vocesabia,,
378,128162,1951,vocesabia,,
379,123912,1783,vocesabia,,
380,176624,2036,vocesabia,,
381,126256,2128,vocesabia,,
382,181412,1935,vocesabia,,
383,115505,1978,vocesabia,,
384,107630,1903,vocesabia,,
385,150614,1915,vocesabia,,
386,119647,1879,vocesabia,,
387,165775,1896,vocesabia,,
388,107688,1753,vocesabia,,
389,175904,1661,vocesabia,,
390,116512,1831,vocesabia,,
391,107922,1760,vocesabia,,
392,100743,1817,vocesabia,,
393,107450,2150,vocesabia,,
394,132626,2767,vocesabia,,
395,127149,2648,vocesabia,,
396,122832,6346,vocesabia,,
397,107537,3366,vocesabia,,
398,114215,2272,vocesabia,,
399,103938,2209,vocesabia,,
400,85449,1916,vocesabia,,
401,134558,1949,vocesabia,,
402,80129,1505,vocesabia,,
403,140628,1459,vocesabia,,
404,135668,2080,vocesabia,,
405,107308,2035,vocesabia,,
406,162599,2123,vocesabia,,
407,125752,2208,vocesabia,,
408,196773,2006,vocesabia,,
409,116632,2624,vocesabia,,
410,150663,2078,vocesabia,,
411,114012,2306,vocesabia,,
412,106057,2148,vocesabia,,
413,169413,2260,vocesabia,,
414,125238,2127,vocesabia,,
415,190372,2277,vocesabia,,
416,105781,1834,vocesabia,,
417,237450,3258,vocesabia,,
418,155849,3292,vocesabia,,
419,153511,3025,vocesabia,,
420,203020,2841,vocesabia,,
421,196261,3337,vocesabia,,
422,273400,4168,vocesabia,,
423,150784,3046,vocesabia,,
424,227718,2616,vocesabia,,
425,148662,2584,vocesabia,,
426,127580,2251,vocesabia,,
427,190247,2677,vocesabia,,
428,186506,2784,vocesabia,,
429,303798,2996,vocesabia,,
430,192450,3078,vocesabia,,
431,311101,3404,vocesabia,,
432,211517,3408,vocesabia,,
433,189059,3159,vocesabia,,
434,278753,3532,vocesabia,,
435,253917,3423,vocesabia,,
436,315758,3221,vocesabia,,
437,202619,3471,vocesabia,,
438,308242,3740,vocesabia,,
439,197505,3231,vocesabia,,
440,184046,3606,vocesabia,,
441,256069,3533,vocesabia,,
442,247675,3176,vocesabia,,
443,338512,3651,vocesabia,,
444,255807,4088,vocesabia,,
445,356046,4325,vocesabia,,
446,263478,3758,vocesabia,,
447,224100,3217,vocesabia,,
448,289989,3480,vocesabia,,
449,248401,4107,vocesabia,,
450,381062,3887,vocesabia,,
451,242923,3749,vocesabia,,
452,332619,4070,vocesabia,,
453,342042,4348,vocesabia,,
454,217926,3414,vocesabia,,
455,201457,3329,vocesabia,,
456,332080,4247,vocesabia,,
457,426395,4472,vocesabia,,
458,281874,4396,vocesabia,,
459,385540,4297,vocesabia,,
460,265829,4022,vocesabia,,
461,203154,3659,vocesabia,,
462,351468,4702,vocesabia,,
463,348613,5384,vocesabia,,
464,428580,5779,vocesabia,,
465,319550,4476,vocesabia,,
466,301480,4558,vocesabia,,
467,280456,4840,vocesabia,,
468,233090,4637,vocesabia,,
469,389048,5687,vocesabia,,
470,442603,6773,vocesabia,,
471,445721,5154,vocesabia,,
472,256927,3813,vocesabia,,
473,264852,4330,vocesabia,,
474,291897,4958,vocesabia,,
475,364363,4745,vocesabia,,
476,445955,5329,vocesabia,,
477,429865,5637,vocesabia,,
478,434149,5141,vocesabia,,
479,523106,6399,vocesabia,,
480,440222,5500,vocesabia,,
481,413317,4925,vocesabia,,
482,294765,5042,vocesabia,,
483,399708,4939,vocesabia,,
484,477008,6068,vocesabia,,
485,491435,5565,vocesabia,,
486,761284,3159,vocesabia,,
487,446395,4668,vocesabia,,
488,380469,4960,vocesabia,,
489,295078,4860,vocesabia,,
490,387555,5339,vocesabia,,
491,411717,5731,vocesabia,,
492,445914,5398,vocesabia,,
493,388857,5564,vocesabia,,
494,482483,5734,vocesabia,,
495,459024,6585,vocesabia,,
496,334931,5607,vocesabia,,
497,455920,5562,vocesabia,,
498,552993,7057,vocesabia,,
499,523564,5841,vocesabia,,
500,433513,5495,vocesabia,,
501,532416,5568,vocesabia,,
502,569811,5831,vocesabia,,
503,439641,6574,vocesabia,,
504,507478,6336,vocesabia,,
505,595520,8786,vocesabia,,
506,529981,6742,vocesabia,,
507,472721,6672,vocesabia,,
508,576393,7277,vocesabia,,
509,524712,6748,vocesabia,,
510,420195,7050,vocesabia,,
511,498789,6344,vocesabia,,
512,576395,7901,vocesabia,,
513,484170,6047,vocesabia,,
514,403866,5545,vocesabia,,
515,562189,6766,vocesabia,,
516,509936,6616,vocesabia,,
517,431159,7262,vocesabia,,
518,510385,8028,vocesabia,, 
519,530276,9185,vocesabia,,
520,627116,8113,vocesabia,,
521,934121,14005,vocesabia,,
522,587740,9621,vocesabia,,
523,604620,6806,vocesabia,,
524,459414,6242,vocesabia,,
525,527667,5405,vocesabia,,
526,503751,5321,vocesabia,,
527,505278,4660,vocesabia,,
528,471733,5609,vocesabia,,
529,400679,5463,vocesabia,,
530,398070,5138,vocesabia,,
531,456226,11209,vocesabia,,
532,464104,11763,vocesabia,,
533,339037,6907,vocesabia,,
534,505443,5817,vocesabia,,
535,532476,6905,vocesabia,,
536,519213,5635,vocesabia,,
537,522253,5973,vocesabia,,
538,437802,5970,vocesabia,,
539,760060,5781,vocesabia,,
540,600889,5695,vocesabia,,
541,518933,5178,vocesabia,,
542,534083,5377,vocesabia,,
543,496700,4969,vocesabia,,
544,564888,5016,vocesabia,,
545,457812,5419,vocesabia,,
546,535212,5630,vocesabia,,
547,497900,5247,vocesabia,,
548,340148,4854,vocesabia,,
549,311222,4712,vocesabia,,
550,296963,4272,vocesabia,,
551,287889,4045,vocesabia,,
552,320255,5552,vocesabia,,
553,693892,6450,vocesabia,,
554,591141,6469,vocesabia,,
555,559807,5465,vocesabia,,
556,458875,4849,vocesabia,,
557,352262,4557,vocesabia,,
558,529201,5245,vocesabia,,
559,733357,6192,vocesabia,,
560,611429,7005,vocesabia,,
561,463748,6926,vocesabia,,
562,546724,5200,vocesabia,,
563,507757,5560,vocesabia,,
564,431494,5701,vocesabia,,
565,575751,5676,vocesabia,,
566,504704,5606,vocesabia,,
567,601987,5454,vocesabia,,
568,535233,5668,vocesabia,,
569,527581,5326,vocesabia,,
570,477328,5673,vocesabia,,
571,582507,7133,vocesabia,,
572,562214,6160,vocesabia,,
573,450458,5739,vocesabia,,
574,635629,8829,vocesabia,,
575,486445,9061,vocesabia,,
576,569579,7330,vocesabia,,
577,520821,7143,vocesabia,,
578,396648,6061,vocesabia,,
579,546381,5781,vocesabia,,
580,501132,6204,vocesabia,,
581,427644,5974,vocesabia,,
582,431489,6086,vocesabia,,
583,409822,6345,vocesabia,,
584,352198,5827,vocesabia,,
585,535621,5979,vocesabia,,
586,526050,6085,vocesabia,,
587,420702,5838,vocesabia,,
588,393184,5717,vocesabia,,
589,330365,4928,vocesabia,,
590,321911,5094,vocesabia,,
591,294847,4330,vocesabia,,
592,533788,4591,vocesabia,,
593,525512,5278,vocesabia,,
594,356338,4268,vocesabia,,
595,341812,4463,vocesabia,,
596,313611,4483,vocesabia,,
597,311903,5016,vocesabia,,
598,294057,5127,vocesabia,,
599,522255,5016,vocesabia,,
600,686336,5580,vocesabia,,
601,746562,6269,vocesabia,,
602,916706,5745,vocesabia,,
603,681160,6072,vocesabia,,
604,605734,4925,vocesabia,,
605,475528,5295,vocesabia,,
606,628247,5611,vocesabia,,
607,561964,5503,vocesabia,,
